{
    "keyframes": [
        {
            "matrix": "[-0.9931710852608049,-0.11666702791224207,0,0,0.03527521666625729,-0.30029328633956376,0.9531944194489044,0,-0.11120635993963869,0.9466851360286108,0.3023580637778104,0,0.13823652627622718,0.08681065248015563,-0.34237596682327365,1]",
            "fov": 50,
            "aspect": 1,
            "properties": "[[\"FOV\",50],[\"NAME\",\"Camera 0\"],[\"TIME\",0]]"
        },
        {
            "matrix": "[-0.9931710852608049,-0.116667027912239,0,0,0.03527521666625634,-0.30029328633956354,0.9531944194489043,0,-0.11120635993963576,0.9466851360286112,0.30235806377781027,0,-0.6523540571149209,0.18126420864563608,-0.24475696363715235,1]",
            "fov": 50,
            "aspect": 1,
            "properties": "[[\"FOV\",50],[\"NAME\",\"Camera 1\"],[\"TIME\",1]]"
        }
    ],
    "camera_type": "perspective",
    "render_height": 1080,
    "render_width": 1920,
    "default_ipd": 0.03,
    "camera_path": [
        {
            "camera_to_world": [
                -0.9931710852608047,
                0.0352752166662573,
                -0.11120635993963866,
                0.13823652627622718,
                -0.1166670279122421,
                -0.3002932863395636,
                0.9466851360286106,
                0.08681065248015563,
                2.081668171172169e-17,
                0.9531944194489043,
                0.3023580637778105,
                -0.34237596682327365,
                0,
                0,
                0,
                1
            ],
            "fov": 50,
            "aspect": 1
        },
        {
            "camera_to_world": [
                -0.9931710852608046,
                0.03527521666625714,
                -0.1112063599396382,
                0.0147067476213603,
                -0.11666702791224158,
                -0.30029328633956354,
                0.9466851360286107,
                0.10156902063101195,
                6.938893903907228e-18,
                0.9531944194489043,
                0.30235806377781044,
                -0.32712299757544216,
                0,
                0,
                0,
                1
            ],
            "fov": 50,
            "aspect": 1
        },
        {
            "camera_to_world": [
                -0.9931710852608047,
                0.03527521666625681,
                -0.11120635993963719,
                -0.2570587654193468,
                -0.11666702791224053,
                -0.30029328633956354,
                0.9466851360286108,
                0.13403743056289585,
                6.938893903907228e-18,
                0.9531944194489043,
                0.3023580637778104,
                -0.29356646523021296,
                0,
                0,
                0,
                1
            ],
            "fov": 50,
            "aspect": 1
        },
        {
            "camera_to_world": [
                -0.9931710852608048,
                0.03527521666625648,
                -0.11120635993963617,
                -0.5288242784600541,
                -0.11666702791223943,
                -0.3002932863395635,
                0.946685136028611,
                0.16650584049477976,
                1.3877787807814457e-17,
                0.9531944194489043,
                0.3023580637778103,
                -0.26000993288498375,
                0,
                0,
                0,
                1
            ],
            "fov": 50,
            "aspect": 1
        }
    ],
    "fps": 1,
    "seconds": 4,
    "smoothness_value": 0,
    "is_cycle": false,
    "crop": null
}