{
    "keyframes": [
        {
            "matrix": "[0.8481461483812778,0.5297623155585942,0,0,-0.0012561425777600776,0.002011076397575695,0.9999971888348225,0,0.5297608263092203,-0.8481437641023599,0.0023711437013702596,0,0.7085597315941502,-1.134399691333238,0.003171425407800021,1]",
            "fov": 50,
            "aspect": 1,
            "properties": "[[\"FOV\",50],[\"NAME\",\"Camera 0\"],[\"TIME\",0]]"
        },
        {
            "matrix": "[0.8481461483812779,0.5297623155585941,0,0,-0.0012561425777600776,0.002011076397575695,0.9999971888348224,0,0.5297608263092202,-0.84814376410236,0.0023711437013702596,0,0.43177823717214314,-0.6912742527302446,0.001932585794597763,1]",
            "fov": 50,
            "aspect": 1,
            "properties": "[[\"FOV\",50],[\"NAME\",\"Camera 1\"],[\"TIME\",1]]"
        }
    ],
    "camera_type": "fisheye",
    "render_height": 1080,
    "render_width": 1920,
    "camera_path": [
        {
            "camera_to_world": [
                0.8481461483812778,
                -0.0012561425777601306,
                0.5297608263092203,
                0.7085597315941502,
                0.5297623155585942,
                0.0020110763975758144,
                -0.8481437641023599,
                -1.134399691333238,
                -1.496198998029996e-17,
                0.9999971888348225,
                0.0023711437013703707,
                0.003171425407800021,
                0,
                0,
                0,
                1
            ],
            "fov": 65,
            "aspect": 1
        },
        {
            "camera_to_world": [
                0.8481461483812778,
                -0.0012561425777601308,
                0.5297608263092203,
                0.71456627444185,
                0.5297623155585942,
                0.0020110763975758144,
                -0.8481437641023599,
                -1.1440161288029211,
                -1.474514954580286e-17,
                0.9999971888348225,
                0.0023711437013703707,
                0.0031983099480170844,
                0,
                0,
                0,
                1
            ],
            "fov": 65,
            "aspect": 1
        },
        {
            "camera_to_world": [
                0.8481461483812778,
                -0.0012561425777601306,
                0.5297608263092203,
                0.7104818253054141,
                0.5297623155585942,
                0.0020110763975758144,
                -0.8481437641023599,
                -1.1374769513235365,
                -1.496198998029996e-17,
                0.9999971888348225,
                0.0023711437013703707,
                0.003180028460669481,
                0,
                0,
                0,
                1
            ],
            "fov": 65,
            "aspect": 1
        },
        {
            "camera_to_world": [
                0.8481461483812778,
                -0.0012561425777601303,
                0.5297608263092203,
                0.6977479544682905,
                0.5297623155585942,
                0.002011076397575815,
                -0.8481437641023599,
                -1.1170901038878087,
                -1.5395670849294163e-17,
                0.9999971888348225,
                0.0023711437013703707,
                0.003123033235409308,
                0,
                0,
                0,
                1
            ],
            "fov": 65,
            "aspect": 1
        },
        {
            "camera_to_world": [
                0.8481461483812778,
                -0.0012561425777601295,
                0.5297608263092203,
                0.6778062322139271,
                0.5297623155585942,
                0.0020110763975758152,
                -0.8481437641023599,
                -1.085163531488461,
                -1.6263032587282567e-17,
                0.9999971888348225,
                0.0023711437013703707,
                0.0030337765618886595,
                0,
                0,
                0,
                1
            ],
            "fov": 65,
            "aspect": 1
        },
        {
            "camera_to_world": [
                0.8481461483812779,
                -0.0012561425777601286,
                0.5297608263092203,
                0.6520982288257721,
                0.5297623155585942,
                0.0020110763975758157,
                -0.8481437641023601,
                -1.0440051791182177,
                -1.713039432527097e-17,
                0.9999971888348224,
                0.002371143701370371,
                0.00291871072975963,
                0,
                0,
                0,
                1
            ],
            "fov": 65,
            "aspect": 1
        },
        {
            "camera_to_world": [
                0.8481461483812779,
                -0.0012561425777601277,
                0.5297608263092203,
                0.622065514587273,
                0.5297623155585942,
                0.0020110763975758165,
                -0.8481437641023601,
                -0.9959229917698025,
                -1.8214596497756474e-17,
                0.9999971888348224,
                0.002371143701370371,
                0.0027842880286743157,
                0,
                0,
                0,
                1
            ],
            "fov": 65,
            "aspect": 1
        },
        {
            "camera_to_world": [
                0.8481461483812779,
                -0.0012561425777601267,
                0.5297608263092203,
                0.589149659781878,
                0.5297623155585942,
                0.0020110763975758174,
                -0.8481437641023601,
                -0.9432249144359397,
                -1.951563910473908e-17,
                0.9999971888348224,
                0.002371143701370371,
                0.002636960748284811,
                0,
                0,
                0,
                1
            ],
            "fov": 65,
            "aspect": 1
        },
        {
            "camera_to_world": [
                0.848146148381278,
                -0.0012561425777601254,
                0.5297608263092202,
                0.5547922346930352,
                0.5297623155585941,
                0.0020110763975758183,
                -0.8481437641023601,
                -0.8882188921093527,
                -2.0816681711721685e-17,
                0.9999971888348225,
                0.002371143701370371,
                0.002483181178243211,
                0,
                0,
                0,
                1
            ],
            "fov": 65,
            "aspect": 1
        },
        {
            "camera_to_world": [
                0.8481461483812779,
                -0.001256142577760124,
                0.5297608263092203,
                0.5204348096041923,
                0.5297623155585942,
                0.0020110763975758183,
                -0.8481437641023601,
                -0.8332128697827659,
                -2.211772431870429e-17,
                0.9999971888348224,
                0.002371143701370371,
                0.0023294016082016115,
                0,
                0,
                0,
                1
            ],
            "fov": 65,
            "aspect": 1
        },
        {
            "camera_to_world": [
                0.848146148381278,
                -0.0012561425777601234,
                0.5297608263092202,
                0.4875189547987973,
                0.5297623155585941,
                0.0020110763975758196,
                -0.8481437641023601,
                -0.7805147924489028,
                -2.3201926491189795e-17,
                0.9999971888348225,
                0.002371143701370371,
                0.002182074327812107,
                0,
                0,
                0,
                1
            ],
            "fov": 65,